name,home,Gryffindor
Harry,"Number Four, Privet Drive",Gryffindor
Ron,"The Burrow",Gryffindor
Draco,"Malfoy Manor",Slytherin
Brandon,Bird Lake
Zach,Thanksgiving Fire Department
brandon,earpsboro
brandon,north carolina
brandon,north carolina
brandon,north carolina
brandon,north carolina
brandon,north carolina
brandon,north carolina
brandon,north carolina
brandon,north carolina
brandon,north carolina
brandon,north carolina
brandon,north carolina
brandon,north carolina
brandon,north carolina
brandon,north carolina
brandon,north carolina
